{
    "ObjArchives": [
        {
            "archive": "archive.0/_2749316_archive_1.a",
            "objects": [
                [
                    "reYIK_d.o",
                    39320
                ],
                [
                    "hGYF2_d.o",
                    21842
                ],
                [
                    "Ta8QS_d.o",
                    50050
                ],
                [
                    "amcQwB.o",
                    102986
                ]
            ],
            "size": 214198
        }
    ],
    "Modules": {
        "ad_fifo_tb": {
            "nQuads": 947,
            "end_perf": [
                0.52292299270629883,
                0.393847,
                0.065409999999999996,
                328892,
                337724,
                21919233775562224,
                -3539148271368201266,
                0
            ],
            "start_perf": [
                0.49724388122558594,
                0.36953799999999998,
                0.064351000000000005,
                328892,
                337724,
                1712908048.5912509,
                21919233708755940
            ],
            "child_modules": {
                "ad_fifo_cell": 41
            },
            "nRouts": 161,
            "Compiled": "Yes",
            "Compiled Times": 1,
            "nMops": 2375
        },
        "...MASTER...": {
            "nQuads": 0,
            "end_perf": [
                0.47012901306152344,
                0.34277999999999997,
                0.064307000000000003,
                327924,
                337724,
                21919233638324704,
                0,
                0
            ],
            "start_perf": [
                0.46630287170410156,
                0.33995700000000001,
                0.063348000000000002,
                323492,
                337724,
                1712908048.5603099,
                21919233628325204
            ],
            "child_modules": {
                "ad_fifo_tb": 1,
                "std": 1
            },
            "nMops": 0,
            "nRouts": 5
        },
        "std": {
            "start_perf": [
                0.4702460765838623,
                0.34287899999999999,
                0.064325999999999994,
                327924,
                337724,
                1712908048.5642531,
                21919233638569564
            ],
            "nQuads": 218,
            "end_perf": [
                0.48233294486999512,
                0.354794,
                0.064338000000000006,
                328892,
                337724,
                21919233670044448,
                0,
                0
            ],
            "child_modules": {},
            "nRouts": 33,
            "svclass": [
                "$vcs_nba_dyn_obj",
                576,
                35,
                2,
                2,
                0,
                0,
                "sigprop$$",
                576,
                35,
                2,
                2,
                0,
                0,
                "process",
                2388,
                200,
                8,
                8,
                0,
                0,
                "event",
                597,
                34,
                2,
                2,
                0,
                0,
                "mailbox",
                1769,
                140,
                9,
                9,
                0,
                0,
                "semaphore",
                1119,
                84,
                5,
                5,
                0,
                0
            ],
            "Compiled": "Yes",
            "Compiled Times": 1,
            "nMops": 528,
            "num_classes": 6
        },
        "ad_fifo_cell": {
            "nQuads": 492,
            "end_perf": [
                0.49719405174255371,
                0.36948799999999998,
                0.064351000000000005,
                328892,
                337724,
                21919233708659044,
                3755013696011832724,
                0
            ],
            "start_perf": [
                0.48241901397705078,
                0.35486699999999999,
                0.064351000000000005,
                328892,
                337724,
                1712908048.576426,
                21919233670216756
            ],
            "child_modules": {},
            "nRouts": 66,
            "Compiled": "Yes",
            "Compiled Times": 1,
            "nMops": 942
        }
    },
    "CompUnits": {
        "amcQw_d": {
            "mod": "...MASTER...",
            "checksum": 0,
            "out": "objs/amcQw_d.o",
            "bytes": 7864,
            "mode": 4,
            "text": 434
        },
        "Ta8QS_d": {
            "mod": "ad_fifo_tb",
            "checksum": 0,
            "out": "Ta8QS_d.o",
            "bytes": 50050,
            "mode": 4,
            "text": 20450,
            "archive": "archive.0/_2749316_archive_1.a"
        },
        "reYIK_d": {
            "mod": "std",
            "checksum": 0,
            "out": "reYIK_d.o",
            "bytes": 39320,
            "mode": 4,
            "text": 7333,
            "cls": 7025,
            "archive": "archive.0/_2749316_archive_1.a"
        },
        "hGYF2_d": {
            "mod": "ad_fifo_cell",
            "checksum": 0,
            "out": "hGYF2_d.o",
            "bytes": 21842,
            "mode": 4,
            "text": 8819,
            "archive": "archive.0/_2749316_archive_1.a"
        }
    },
    "reusePaths": {},
    "stat": {
        "ru_self_end": {
            "ru_nivcsw": 187,
            "ru_utime_sec": 0.39740900000000001,
            "ru_maxrss_kb": 128316,
            "ru_stime_sec": 0.067316000000000001,
            "ru_minflt": 10027,
            "ru_majflt": 0,
            "ru_nvcsw": 91
        },
        "ru_childs_end": {
            "ru_nivcsw": 32,
            "ru_utime_sec": 0.042421,
            "ru_maxrss_kb": 124292,
            "ru_stime_sec": 0.046447000000000002,
            "ru_minflt": 3955,
            "ru_majflt": 0,
            "ru_nvcsw": 29
        },
        "cpu_cycles_end": 21919233789865844,
        "peak_mem_kb": 337724
    }
}